id,name,city,country,org_id,address,website,url
34,Telehouse - London (Docklands North),London,GB,7,"14 Coriander Avenue, London",http://www.telehouse.net,http://www.telehouse.net
35,Digital Realty London LHR17,West Drayton,GB,8592,"Unit 1, West Drayton",https://www.digitalrealty.com/data-centers/london/unit-1-airport-gate-bath-road-middlesex,https://www.digitalrealty.com/data-centers/london/unit-1-airport-gate-bath-road-middlesex
39,Telehouse - London (Docklands East),London,GB,7,"14 Coriander Avenue, London",http://www.telehouse.net,http://www.telehouse.net
40,Digital Realty London LHR20,London,GB,8592,"Sovereign House, London",https://www.interxion.com/,https://www.interxion.com/
43,Digital Realty London LHR19,London,GB,8592,"Cloud House, London",https://www.interxion.com/,https://www.interxion.com/
45,"Equinix LD8 - London, Docklands",London,GB,2,"6-9 Harbour Exchange Square, London",http://www.equinix.com/locations/,http://www.equinix.com/locations/
46,Digital Realty London LON1-3,London,GB,8592,"11 Hanbury Street, London",https://www.digitalrealty.com/data-centers/london/11-hanbury-st-london-united-kingdom,https://www.digitalrealty.com/data-centers/london/11-hanbury-st-london-united-kingdom
47,Global Switch London East,London,GB,77,"3 Nutmeg Lane, London",http://www.globalswitch.com,http://www.globalswitch.com
48,Global Switch London North,London,GB,77,"240 East India Dock Road, London",http://www.globalswitch.com,http://www.globalswitch.com
51,Exchange Tower London,London,GB,86,"1&2 Harbour Exchange Square, London",http://www.exchange-tower.co.uk/index.mv,http://www.exchange-tower.co.uk/index.mv
76,"Equinix MA1 - Manchester, Williams/Kilburn",Manchester,GB,2,"Manchester Science Park, Manchester",https://www.equinix.com/locations/united-kingdom-colocation/manchester-data-centers/ma1/,https://www.equinix.com/locations/united-kingdom-colocation/manchester-data-centers/ma1/
78,"Reynolds House, Manchester",Manchester,GB,39121,"Reynolds House, Manchester",https://www.lunardigital.co.uk/,https://www.lunardigital.co.uk/
79,Digital Realty London LHR21,London,GB,8592,"Memaco House, Meridian Gate, London",https://www.digitalrealty.com/data-centers/london/sovereign-north-215-marsh-wall,https://www.digitalrealty.com/data-centers/london/sovereign-north-215-marsh-wall
91,COLT DC London,London,GB,118,"Welwyn Garden City, 20 Black Fan Road, London",https://www.colt.net,https://www.colt.net
243,Pulsant Newcastle NE-1 (Central),Newcastle upon Tyne,GB,7980,"5 Bridge View, Newcastle upon Tyne",http://www.pulsant.com/,http://www.pulsant.com/
244,ServerBank Manchester,Manchester,GB,7350,"Faulkner Street, Manchester",https://daisygroup.com/,https://daisygroup.com/
248,Level(3) London (Braham Street),London,GB,682,"6 Braham St, London",http://www.level3.com,http://www.level3.com
254,Redcentric London Data Centre,London,GB,9597,"80 Clifton Street, London",https://www.redcentricplc.com/uk-data-centres/london-data-centre/,https://www.redcentricplc.com/uk-data-centres/london-data-centre/
271,Pulsant Edinburgh SC-1 (South Gyle),Edinburgh,GB,7980,"The Clocktower Estate, Flassches Yard, Edinburgh",https://www.pulsant.com/,https://www.pulsant.com/
305,iomart DC1 Glasgow,Glasgow,GB,1215,"88 Middlesex Street, Glasgow",http://www.iomart.com,http://www.iomart.com
334,Pulsant Maidenhead SE-2,Maidenhead,GB,7980,"BlueSquare House, Maidenhead",https://www.pulsant.com/,https://www.pulsant.com/
335,The Bunker (Ash),Sandwich,GB,20538,"Ash Radar Station, Sandwich",http://www.thebunker.net/,http://www.thebunker.net/
352,London Hosting Centre,London,GB,621,"City Reach, 6 Greenwich View Place, London",http://www.telstra.co.uk,http://www.telstra.co.uk
354,Level(3) London (Goswell Road),London,GB,682,"260-266 Goswell Road, London",http://www.level3.com,http://www.level3.com
398,"Equinix LD3 - London, Park Royal",London,GB,2,"Matrix Unit 11, 900 Coronation Road, London",http://www.equinix.com,http://www.equinix.com
399,"Equinix LD4 - London, Slough",Slough,GB,2,"2 Buckingham Avenue, Slough",http://www.equinix.com/,http://www.equinix.com/
418,TATA Communications Stratford,London,GB,581,"78 - 102 The Broadway, London",http://www.tatacommunications.com/,http://www.tatacommunications.com/
428,iomart DC2 London,London,GB,1215,"Epworth Street, London",http://www.iomart.com/,http://www.iomart.com/
438,Synergy House Manchester,Manchester,GB,782,"1 Synergy House, Manchester Science Park, Manchester",http://www.ukgrid.net/synergy_data_centre.shtml,http://www.ukgrid.net/synergy_data_centre.shtml
534,"Equinix LD9 - London, Powergate",London,GB,2,"Unit 1, Powergate Business Park, London",http://www.equinix.com/locations/,http://www.equinix.com/locations/
565,Kent Science Park,Kent,GB,971,"Kent Science Park, Kent",http://www.sota.co.uk/,http://www.sota.co.uk/
571,SloughIX,Slough,GB,983,"Slough Interchange, Slough",http://www.network-i.net/,http://www.network-i.net/
601,Teledata Manchester - Delta House,Manchester,GB,2455,"Delta House, Manchester",http://www.teledata.co.uk/,http://www.teledata.co.uk/
631,Rackspace Slough,Slough,GB,57,"115 Buckingham Avenue, Slough",http://www.rackspace.co.uk/,http://www.rackspace.co.uk/
633,Pulsant Reading SE-4 (East),Reading,GB,7980,"Unit 50 & 53 Suttons Business Park, Reading",http://www.dedipower.com/,http://www.dedipower.com/
656,The Bunker (Newbury),Thatcham,GB,20538,"Venture West, Thatcham",http://www.thebunker.net/,http://www.thebunker.net/
676,iomart DC3 Nottingham,Nottingham,GB,1215,"2-6 Fisher Gate, Nottingham",http://www.iomart.com/,http://www.iomart.com/
677,iomart DC4 Leicester,Leicester,GB,1215,"16 Berkley Street, Leicester",http://www.iomart.com/,http://www.iomart.com/
734,Pulsant Milton Keynes SE-1,Milton Keynes,GB,7980,"St. Neots House, Milton Keynes",http://www.pulsant.com,http://www.pulsant.com
745,Gigastream Oxford 1,Oxford,GB,1218,"Unit 4, Oxford Business Centre, Oxford",http://www.gigastream.co.uk/,http://www.gigastream.co.uk/
764,The UK Grid Network LTD (Greenheys DC),Manchester,GB,782,"Greenheys, Manchester Science Park, Manchester",http://www.ukgrid.net/greenheys_data_centre.shtml,http://www.ukgrid.net/greenheys_data_centre.shtml
832,"Equinix LD5 - London, Slough",Slough,GB,2,"8 Buckingham Avenue, Slough",http://www.equinix.com,http://www.equinix.com
835,Telehouse - London (Docklands West),London,GB,7,"14 Coriander Avenue, London",http://www.telehouse.net/,http://www.telehouse.net/
840,Reading Data,Reading,GB,8256,"58 Portman Road, Reading",https://www.amatisnetworks.com/,https://www.amatisnetworks.com/
896,aql Salem Church,Leeds,GB,1813,"11-15 Hunslet Road, Leeds",http://aql.com/colo/colo/leeds-site-2/,http://aql.com/colo/colo/leeds-site-2/
990,4D Surrey,Byfleet,GB,3576,"122 Oyster Lane, Byfleet",http://www.4d-dc.com,http://www.4d-dc.com
1009,Reliance Skewjack,Penzance,GB,11051,"B3315, St Levant, Penzance",http://www.relianceidc.com/HTML/index.html,http://www.relianceidc.com/HTML/index.html
1027,VIRTUS LONDON1 (Enfield),London,GB,3844,"Unit 3, Trade City, Crown Road, London",http://www.virtusdatacentres.com,http://www.virtusdatacentres.com
1074,Options West London Data Centre,London,GB,4418,"3 Waxlow Road, London",http://www.optionsdcs.com/,http://www.optionsdcs.com/
1108,Leeds DC1,Leeds,GB,4849,"North Street, Leeds",http://www.186k.co.uk,http://www.186k.co.uk
1140,Host-IT Bletchley,Milton Keynes,GB,2465,"Bletchley, Milton Keynes",https://www.host-it.co.uk,https://www.host-it.co.uk
1206,ARO DC2 Kilby House (AIMES),Liverpool,GB,11042,"Kilby House, Liverpool",https://aro.tech/solutions/data-centre-services/,https://aro.tech/solutions/data-centre-services/
1207,Bournemouth Data Centre,Bournemouth,GB,1606,"County Gates House, Bournemouth",http://www.bournemouthdatacentre.co.uk/,http://www.bournemouthdatacentre.co.uk/
1243,iomart DC6 Turing House,Manchester,GB,2767,"Turing House, Manchester",http://www.melbourne.co.uk,http://www.melbourne.co.uk
1263,LDeX1,London,GB,1215,"Units 8 - 10, The Oxgate Business Centre, London",http://www.ldexgroup.co.uk,http://www.ldexgroup.co.uk
1264,iomart DC7 The Server Hotel Reynolds,Manchester,GB,2767,"Reynolds House, Manchester",http://www.melbourne.co.uk,http://www.melbourne.co.uk
1265,Greenheys,Manchester,GB,2767,"Greenheys, Manchester",http://www.melbourne.co.uk,http://www.melbourne.co.uk
1267,QiComm Tutis Point,London,GB,6564,"5 Greenwich View Place, London",https://www.docklands-dc.com/,https://www.docklands-dc.com/
1300,ANS - MAN4,Manchester,GB,24568,"2 Adbaston Road, Manchester",https://www.ans.co.uk/,https://www.ans.co.uk/
1311,Six Degrees Studley South,Studley,GB,4921,"Birmingham Road, Studley",http://www.6dg.co.uk,http://www.6dg.co.uk
1312,Six Degrees Studley North,Studley,GB,4921,"Birmingham Road, Studley",http://www.6dg.co.uk,http://www.6dg.co.uk
1331,ServerChoice  SC-2,Welwyn Garden City,GB,5905,"BioPark, Broadwater Road,, Welwyn Garden City",http://www.serverchoice.com,http://www.serverchoice.com
1372,Neos Networks Hampshire,Hampshire,GB,7271,"18 Brunel Way, Hampshire",http://www.neosnetworks.com,http://www.neosnetworks.com
1388,Rackspace London Slough (LON3),Slough,GB,57,"115 Buckingham Avenue, Slough",http://www.rackspace.co.uk,http://www.rackspace.co.uk
1403,"Equinix MA3 - Manchester, Joule House",Manchester,GB,2,"76 Trafford Park Road, Manchester",https://www.equinix.com/locations/united-kingdom-colocation/manchester-data-centers/ma3/,https://www.equinix.com/locations/united-kingdom-colocation/manchester-data-centers/ma3/
1547,Verne London,London,GB,13072,"36-43 Great Sutton Street, London",https://www.verneglobal.com/united-kingdom,https://www.verneglobal.com/united-kingdom
1548,NGD Newport,Newport,GB,8100,"Celtic Way, Newport",http://www.nextgenerationdata.co.uk/,http://www.nextgenerationdata.co.uk/
1621,Amatis Newbury,Newbury,GB,8256,"Castle Industrial Park, Newbury",http://www.amatisnetworks.com,http://www.amatisnetworks.com
1680,brightsolid Dundee Data Centre,Dundee,GB,8539,"Gateway House, Dundee",http://www.brightsolid.com,http://www.brightsolid.com
1683,ANS - MAN5,Manchester,GB,24568,"Unit 19 Blackmore Road, Manchester",https://www.ans.co.uk/,https://www.ans.co.uk/
1684,ANS - MAN6,Manchester,GB,24568,"Unit 20a & 20b Blackmore Road, Manchester",https://www.ans.co.uk/,https://www.ans.co.uk/
1699,ServerChoice SC-1,Stevenage,GB,5905,"Unit HJK, Gateway 1000,, Stevenage",http://www.serverchoice.com,http://www.serverchoice.com
1702,Reliance House,Newcastle upon Tyne,GB,2853,"Reliance House, Newcastle upon Tyne",http://www.wildcard.net.uk,http://www.wildcard.net.uk
1728,Safehosts Cheltenham,Cheltenham,GB,18543,"Saxon House, Cheltenham",https://www.safehosts.co.uk,https://www.safehosts.co.uk
1740,iomart DC9 Gosport,Gosport,GB,1215,"2 Frater Gate Business Park, Gosport",http://www.iomart.com,http://www.iomart.com
1753,Daisy Reading,Reading,GB,7350,"1 Transcentral Bennet Road, Reading",http://www.daisygroupplc.com/,http://www.daisygroupplc.com/
1792,Digital Realty London LHR13,Chessington,GB,8592,"Fountain Court, Chessington",https://www.digitalrealty.com/data-centers/london/fountain-ct-cox-ln-chessington,https://www.digitalrealty.com/data-centers/london/fountain-ct-cox-ln-chessington
1793,Redhill Datacenter,Redhill,GB,40091,"3 Foxboro Business Park, Redhill",https://galaxydatacenters.com/,https://galaxydatacenters.com/
1802,Pulsant Edinburgh SC-3 (Newbridge),Edinburgh,GB,7980,"7 Claylands Road, Edinburgh",http://www.pulsant.com/,http://www.pulsant.com/
1817,BT Empire Exchange / Stadium House,Cardiff,GB,9254,"5  Park Street, Cardiff",,
1827,Legend Bradford,Bradford,GB,9283,"167-169 Sunbridge Road, Bradford",http://www.legendcom.co.uk,http://www.legendcom.co.uk
1843,nLighten Milton Keynes LTN1,Milton Keynes,GB,17600,"1 Brick Close, Milton Keynes",https://www.nlighten.com/en/united-kingdom-data-centers/milton-keynes,https://www.nlighten.com/en/united-kingdom-data-centers/milton-keynes
1848,ASK4 DC1 - Sheffield,Sheffield,GB,1741,"Sheffield, Sheffield",https://ask4datacentre.com/,https://ask4datacentre.com/
1872,Colocker,Milton Keynes,GB,9566,"Interchange Park, Milton Keynes",http://www.colocker.com,http://www.colocker.com
1934,Arelion London HEX,London,GB,28858,"1 Harbour Exchange Square, London",https://www.arelion.com/,https://www.arelion.com/
1959,Bytemark YO26 DC1,York,GB,1435,"2 Opus Avenue, York",https://www.bytemark.co.uk,https://www.bytemark.co.uk
1963,Digital Realty London LGW14,Woking,GB,8592,"Unit 21, Goldsworth Park Trading Estate, Woking",https://www.digitalrealty.com/data-centers/london/unit-21-goldsworth-park-trading-estate-woking,https://www.digitalrealty.com/data-centers/london/unit-21-goldsworth-park-trading-estate-woking
2009,Brighton Digital Exchange BTN1,Brighton,GB,10417,"New England House, Brighton",http://bdx.coop,http://bdx.coop
2028,FLAG London,London,GB,10513,London,http://globalcloudxchange.com/,http://globalcloudxchange.com/
2090,LINX Wales - BT Stadium House,Cardiff,GB,791,"Stadium House, Cardiff",https://www.linx.net/,https://www.linx.net/
2117,ServerHouse P1,Fareham,GB,10787,"Delme Place, Fareham",https://www.serverhouse.co.uk,https://www.serverhouse.co.uk
2168,Midlands Technology Centre,Wolverhampton,GB,10922,"Midlands Technology Centre, Wolverhampton",https://www.oosha.co.uk,https://www.oosha.co.uk
2192,Pulsant Reading SE-3 (South),Reading,GB,7980,"Unit 2, Smallmead Road, Reading",http://www.amito.com,http://www.amito.com
2229,Nasstar GBTEL01 Datapoint House,Telford,GB,7256,"Datapoint House, Telford",http://www.nasstar.com/,http://www.nasstar.com/
2230,Entanet Telford DC3,"Telford, Shropshire",GB,219,"Stafford Park 6, Telford, Shropshire",http://www.enta.net,http://www.enta.net
2244,Stream Networks - Newbury,Newbury,GB,11866,"2, Riverside House, Newbury",http://www.stream-networks.co.uk,http://www.stream-networks.co.uk
2262,"Equinix LD6 - London, Slough",Slough,GB,2,"352 Buckingham Avenue, Slough",https://www.equinix.com,https://www.equinix.com
2277,Datum,Farnborough,GB,12038,"Cody Technology Park, Farnborough",http://www.datum.co.uk,http://www.datum.co.uk
2345,Chubb Buildings,Wolverhampton,GB,10922,"Chubb Buildings, Wolverhampton",https://www.oosha.co.uk,https://www.oosha.co.uk
2360,LDeX2,Manchester,GB,1215,"Unit 6, Waterside, Manchester",http://www.ldexgroup.co.uk,http://www.ldexgroup.co.uk
2384,aql DC5,Leeds,GB,1813,"Canon House, Apex Way, Leeds",https://www.aql.com,https://www.aql.com
2417,brightsolid Aberdeen Data Centre,Aberdeen,GB,8539,"Lang Stracht, Aberdeen",https://www.brightsolid.com,https://www.brightsolid.com
2429,"Ark Data Centres - Spring Park - SQ17, P1, P2, P3, P4, P5",Corsham,GB,12974,"Westwells Road, Corsham",https://www.arkdatacentres.co.uk,https://www.arkdatacentres.co.uk
2627,Cyxtera London (LHR1),Slough,GB,16992,"630 Ajax Ave., Slough",https://www.cyxtera.com/data-centers/locations,https://www.cyxtera.com/data-centers/locations
2628,Cyxtera London (LHR2),London,GB,16992,"7 Greenwich View Pl, London",https://www.cyxtera.com/data-centers/locations,https://www.cyxtera.com/data-centers/locations
2631,Cyxtera London (LHR3),Wokingham,GB,16992,"Eskdale Road, Wokingham",https://www.cyxtera.com/data-centers/locations,https://www.cyxtera.com/data-centers/locations
2682,Custodian CDC Maidstone 1,Maidstone,GB,5783,"Custodian DataCentres, Maidstone",https://www.CustodianDC.com,https://www.CustodianDC.com
2683,CSD Network Services Ltd,Braintree,GB,13829,"10 New Road, Braintree",http://www.csd.co,http://www.csd.co
2807,DC01 -Baltic Creative,Liverpool,GB,14113,"49 Jamaica St, Liverpool",http://www.baltic-creative.com,http://www.baltic-creative.com
2894,iomart DC5 Maidenhead,Maidenhead,GB,1215,"Spectrum House, Clivemont Road, Maidenhead",http://www.iomart.com,http://www.iomart.com
2907,"Equinix MA4 - Manchester, Synergy House",Manchester,GB,2,"Synergy House, Manchester",https://www.equinix.com/locations/united-kingdom-colocation/manchester-data-centers/ma4/,https://www.equinix.com/locations/united-kingdom-colocation/manchester-data-centers/ma4/
2992,DataVita DV1 Lanarkshire,Glasgow,GB,14436,"Unit 1 York Road, Glasgow",http://www.datavita.co.uk/,http://www.datavita.co.uk/
3144,Fastnet Brighton Datacentre,Brighton,GB,7429,"Ditchling Road, Brighton",http://www.fastnet.co.uk,http://www.fastnet.co.uk
3150,VeloxServ DC1 - Wolverhampton,Wolverhampton,GB,14799,"Merryhills Enterprise Park, Wolverhampton",http://www.veloxserv.co.uk,http://www.veloxserv.co.uk
3152,"Equinix LD10 - London, Slough",Slough,GB,2,"13 Liverpool Road, Slough",https://www.equinix.com/locations/united-kingdom-colocation/london-data-centers/ld10/,https://www.equinix.com/locations/united-kingdom-colocation/london-data-centers/ld10/
3213,Six Degrees Birmingham Central,Birmingham,GB,4921,"Garrison Technology Park, Birmingham",http://www.6dg.co.uk,http://www.6dg.co.uk
3226,HA Hosting DC1,Sheffield,GB,14237,"Unit 9, Sheffield",http://www.hahosting.com,http://www.hahosting.com
3399,Digital Realty London LHR18,London,GB,8592,"55-71 CITY RD, London",https://www.digitalrealty.com/data-centers/london/1-olivers-yard-55-71-city-road-london,https://www.digitalrealty.com/data-centers/london/1-olivers-yard-55-71-city-road-london
3631,VIRTUS LONDON4 (Slough),Slough,GB,3844,"14 Liverpool Rd, Slough",http://2.virtusdatacentres.com/LONDON-4,http://2.virtusdatacentres.com/LONDON-4
3884,CWCS DCN1,Nottingham,GB,14135,"Portland Street, Nottingham",https://www.cwcs.co.uk/data-centres/nottingham,https://www.cwcs.co.uk/data-centres/nottingham
4027,Nigsun Data Centre NCS1,Stevenage,GB,16367,"4 Modular Business Park  Norton Road, Stevenage",http://www.nigsun.net,http://www.nigsun.net
4060,Itility BVDC,Manchester,GB,17099,"Hyde Road, Manchester",http://www.itility.co.uk/colocation,http://www.itility.co.uk/colocation
4088,AtlasEdge DC London LYC001,London,GB,19800,"Princes Court Wapping Lane, London",https://atlasedge.com/data-centres/london/,https://atlasedge.com/data-centres/london/
4089,COLT DC London II,London,GB,118,"Powergate, Volt Avenue, London",https://www.colt.net,https://www.colt.net
4149,CyrusOne London 1,Slough,GB,7625,"12 Liverpool Road, Slough",https://cyrusone.com/locations/united-kingdom/london-one/,https://cyrusone.com/locations/united-kingdom/london-one/
4150,CyrusOne London 2,West Drayton,GB,7625,"DC2 Prologis Park Heathrow, West Drayton",https://cyrusone.com/locations/united-kingdom/london-two/,https://cyrusone.com/locations/united-kingdom/london-two/
4231,Netwise London Central (NLC),Bermondsey,GB,17528,"Netwise House, Bermondsey",https://www.netwise.co.uk/data-centres/london-central,https://www.netwise.co.uk/data-centres/london-central
4343,4D Gatwick (Crawley),Crawley,GB,3576,"17-19 Kelvin Lane, Crawley",http://www.4d-dc.com/,http://www.4d-dc.com/
4351,South West Communications Exeter,Exeter,GB,17876,"Moor Lane, Exeter",http://www.swcomms.co.uk,http://www.swcomms.co.uk
4360,Telehouse - London (Docklands North Two),London,GB,7,"14 Coriander Avenue, London",http://www.telehouse.net/,http://www.telehouse.net/
4404,VIRTUS LONDON2 (Hayes),Hayes,GB,3844,"VIRTUS Data Centre, Hayes",http://2.virtusdatacentres.com/LONDON-2,http://2.virtusdatacentres.com/LONDON-2
4405,VIRTUS LONDON3 (Slough),Slough,GB,3844,"14 Liverpool Road, Slough",https://virtusdatacentres.com/locations/london-3-slough,https://virtusdatacentres.com/locations/london-3-slough
4462,Elstree Customer Hosting Centre,Borehamwood,GB,18063,"Regent House, Borehamwood",http://www.intercity.technology/,http://www.intercity.technology/
4463,Bolton Customer Hosting Centre,Bolton,GB,18063,"Hallmark House, Paragon Business Park, Bolton",http://www.intercity.technology/,http://www.intercity.technology/
4487,Keppel Data Centres | GV7 Data Centre,London,GB,17639,"7 Greenwich View Place, London",http://www.keppeldatacentres.com,http://www.keppeldatacentres.com
4545,ServerHouse F2,Fareham,GB,10787,"14 Brunel Way, Fareham",http://www.serverhouse.co.uk,http://www.serverhouse.co.uk
4762,DC02 - The Tapestry,Liverpool,GB,14113,"68-76 Kempston St, Liverpool",http://www.thetapestry.co.uk,http://www.thetapestry.co.uk
4798,Digital Realty London LGW16,Crawley,GB,8592,"North Building, Power Avenue, Crawley",https://www.digitalrealty.com/data-centers/london/connect-way-crawley,https://www.digitalrealty.com/data-centers/london/connect-way-crawley
4885,VIRTUS LONDON5 (Stockley Park),Stockley Park,GB,11519,"Prologis Park West London, Stockley Park",https://virtusdatacentres.com/locations/london5-stockley-park,https://virtusdatacentres.com/locations/london5-stockley-park
4974,Epsilon Global Hubs London,London,GB,9411,"Telephone House, London",http://www.epsilontel.com/epsilon-telecommunications-products-and-services/colocation-global-hubs/,http://www.epsilontel.com/epsilon-telecommunications-products-and-services/colocation-global-hubs/
5149,Vision247 - Chiswick Datacenter,London,GB,6308,"566, Chiswick High Road, London",http://www.vision247.com,http://www.vision247.com
5238,CentriLogic Arlington (ARL),Bracknell,GB,10919,"No. 5 Arlington Square, Bracknell",https://www.centrilogic.com/bracknell-united-kingdom-data-center/,https://www.centrilogic.com/bracknell-united-kingdom-data-center/
5279,Internet For Business Limited,Aberdeen,GB,2109,"54 Hareness Road, Aberdeen",http://www.ifb.net,http://www.ifb.net
5441,Serverfarm LON1 London,Feltham,GB,16352,"Unit 4, Westgate Industrial Estate, Feltham",https://www.serverfarmllc.com/data-centers/london1-data-center/,https://www.serverfarmllc.com/data-centers/london1-data-center/
5993,"Indectron GCR1 - Gloucester, Shield House",Gloucester,GB,21404,"Shield House, 2 Crest Way, Gloucester",https://www.indectron.com,https://www.indectron.com
6347,Iron Mountain Data Center - London (LON-1),Slough,GB,8959,"724-729 Dundee Road, Slough",https://www.ironmountain.com/digital-transformation/data-centers/locations/london-data-center,https://www.ironmountain.com/digital-transformation/data-centers/locations/london-data-center
6433,Satellite Mediaport,Rugby,GB,21342,"Lawford Heath Ln, Rugby",http://www.sms-teleport.com,http://www.sms-teleport.com
6462,VeloxServ DC2 - Wolverhampton,Wolverhampton,GB,14799,"Merryhills Enterprise Park, Wolverhampton",http://www.veloxserv.co.uk,http://www.veloxserv.co.uk
6482,SCC Fareham,Fareham,GB,22401,"18 Brunel Way, Fareham",https://www.scc.com/,https://www.scc.com/
6483,Pulsant Croydon LN-1,Croydon,GB,7980,"Unit 1, 35 Imperial Way, Croydon",https://pulsant.com,https://pulsant.com
6535,"Equinix LD7 -  London, Slough",Slough,GB,2,"6 Banbury Ave, Slough",https://www.equinix.com/,https://www.equinix.com/
6750,Docklands Data Centre,London,GB,22800,"5 Greenwich View Place, London",https://www.docklands-dc.com/,https://www.docklands-dc.com/
6767,Exascale - Telford (TEL0),Telford,GB,12680,"Unit 26, Telford",https://www.exascale.co.uk,https://www.exascale.co.uk
6893,ServerHouse F1,Hampshire,GB,10787,"Walled Garden, Cams Estate, Hampshire",http://www.serverhouse.co.uk,http://www.serverhouse.co.uk
6894,ServerHouse P2,Hampshire,GB,10787,"West Barn, Hampshire",https://www.serverhouse.co.uk,https://www.serverhouse.co.uk
6923,DataGrid Network London,London,GB,23059,"6-8 James St, London",https://datagrid.network/,https://datagrid.network/
7042,Kao Data Campus,Harlow,GB,23278,"London Road, Harlow",http://www.kaodata.com,http://www.kaodata.com
7216,ChunkyChips Data Centre,Basildon,GB,23324,"Carnival Business Park, Basildon",https://www.chunkychips.net,https://www.chunkychips.net
7425,NTT London 1 Data Center (LON1),Dagenham,GB,491,"Yew Tree Avenue, Dagenham",https://datacenter.hello.global.ntt/location/london/london-1-data-center,https://datacenter.hello.global.ntt/location/london/london-1-data-center
7500,Sungard AS London Technology Centre,Hounslow,GB,697,"Unit B, Heathrow Corporate Park, Hounslow",https://www.sungardas.com/en-GB/facilities/europe/united-kingdom/hounslow-uk-data-centre/,https://www.sungardas.com/en-GB/facilities/europe/united-kingdom/hounslow-uk-data-centre/
8034,DC14-Leeds,Leeds,GB,2427,"Seacroft Ring Road, Leeds",https://www.ccsleeds.co.uk,https://www.ccsleeds.co.uk
8035,Creslow Park,Aylesbury,GB,10606,"Creslow Park, Aylesbury",http://www.creslowpark.com,http://www.creslowpark.com
8078,"Ark Data Centres - Cody Park - A9, A101, A102, A103, A104, A105",Farnborough,GB,12974,"Old Ively Rd, Farnborough",https://arkdatacentres.co.uk/,https://arkdatacentres.co.uk/
8381,IP House Data Centre,London,GB,25675,"20 Lanrick Road, London",https://ip-house.co.uk,https://ip-house.co.uk
8389,Stellium 1,Newcastle,GB,25688,"9 Cobalt Park Way, Newcastle",https://www.stelliumdc.com/,https://www.stelliumdc.com/
8390,Stellium 2 & 3,Newcastle,GB,25688,"9 Cobalt Park Way, Newcastle",https://www.stelliumdc.com/,https://www.stelliumdc.com/
8445,Timico - Telford (TEL),Telford,GB,142,"Timico Limited, Telford",https://www.timico.com/services/cloud-and-hosting/#colocation,https://www.timico.com/services/cloud-and-hosting/#colocation
8447,Timico - Newport (NPT),Newport,GB,142,"Timico Limited, Newport",https://www.timico.com/services/cloud-and-hosting/#colocation,https://www.timico.com/services/cloud-and-hosting/#colocation
8628,Datacenta DIP,Winfrith Newburgh,GB,26163,"Q.20, Winfrith Newburgh",http://www.datacenta.net,http://www.datacenta.net
8825,aql DC3 Leeds,Leeds,GB,1813,"aql, Leeds",http://www.aql.com,http://www.aql.com
8872,DataBank London (LHR1),Feltham,GB,2680,"Unit 4, Westgate Estate, Staines Road, Feltham",https://www.databank.com/data-centers/united-kingdom/uk1/,https://www.databank.com/data-centers/united-kingdom/uk1/
8983,Netwise London East (NLE),Canning Town,GB,17528,"Unit 6 Datapoint Business Centre, Canning Town",https://www.netwise.co.uk/data-centres/london-east,https://www.netwise.co.uk/data-centres/london-east
9031,NTT Hemel Hempstead 1 Data Center (HH1),Hemel Hempstead,GB,491,"3 Centro, Boundary Way, Hemel Hempstead",https://datacenter.hello.global.ntt/location/london/hemel-hempstead-1-data-center,https://datacenter.hello.global.ntt/location/london/hemel-hempstead-1-data-center
9032,NTT Hemel Hempstead 2 Data Center (HH2),Hemel Hempstead,GB,491,"150 Maylands Avenue, Hemel Hempstead",https://datacenter.hello.global.ntt/location/london/hemel-hempstead-2-data-center,https://datacenter.hello.global.ntt/location/london/hemel-hempstead-2-data-center
9033,NTT Hemel Hempstead 3 Data Center (HH3),Hemel Hempstead,GB,491,"Campus, Spring Way, Hemel Hempstead",https://datacenter.hello.global.ntt/location/london/hemel-hempstead-3-data-center,https://datacenter.hello.global.ntt/location/london/hemel-hempstead-3-data-center
9034,NTT Slough 2 Data Center (SL2),"Slough,",GB,491,"670 Ajax Avenue, Slough,",https://datacenter.hello.global.ntt/location/london/slough-2-data-center,https://datacenter.hello.global.ntt/location/london/slough-2-data-center
9035,NTT Slough 3 Data Center (SL3),Slough,GB,491,"665 Ajax Avenue, Slough",https://datacenter.hello.global.ntt/location/london/slough-3-data-center,https://datacenter.hello.global.ntt/location/london/slough-3-data-center
9234,Legend Data Centres,Bradford,GB,27246,"The Legend Building, Bradford",https://www.legend-communications.com/,https://www.legend-communications.com/
9310,Prescient Data Centres Northern Ireland,Coleraine,GB,27473,"Atlantic Link Enterprise Campus, Coleraine",http://www.prescientdc.com,http://www.prescientdc.com
9361,UK Servers Coventry,Coventry,GB,27571,"Continuity House, Coventry",https://www.ukservers.com/,https://www.ukservers.com/
9362,ABStation,Greenwich,GB,27577,"Unit 50, New Lydenburg Commercial Estate, Greenwich",https://www.abstation.net/,https://www.abstation.net/
9751,Keppel Data Centres | Cardiff Data Centre,Cardiff,GB,17639,"Ty Cynnal, Dunleavy Drive, Celtic Gateway, Cardiff CF110SW, United Kingdom, Cardiff",https://www.keppeldatacentres.com/,https://www.keppeldatacentres.com/
9888,Sungard AS Elland TC4,Elland,GB,697,"Unit J1, Lowfields Business Park, Elland",https://www.sungardas.com/en-gb/facilities/europe/united-kingdom/elland-tc4-data-centre-and-workplace-recovery-centre/,https://www.sungardas.com/en-gb/facilities/europe/united-kingdom/elland-tc4-data-centre-and-workplace-recovery-centre/
10105,Lincoln Rackhouse London,Camberley,GB,18828,"Stanhope Rd, Camberley",http://rackhouse.com/portfolio/enterprise-data-center-5,http://rackhouse.com/portfolio/enterprise-data-center-5
10333,CyrusOne London 3,Slough,GB,7625,"700 Stirling Rd, Slough",https://cyrusone.com/locations/united-kingdom/london-three/,https://cyrusone.com/locations/united-kingdom/london-three/
10334,CyrusOne London 4,Slough,GB,7625,"225 Bath Rd, Slough",https://cyrusone.com/locations/united-kingdom/london-iv/,https://cyrusone.com/locations/united-kingdom/london-iv/
10335,CyrusOne London 5,Slough,GB,7625,"225 Bath Rd, Slough",https://cyrusone.com/locations/united-kingdom/london-v/,https://cyrusone.com/locations/united-kingdom/london-v/
10342,China Mobile International - London DC,Slough,GB,5459,"535 Ipswich Rd, Slough",https://www.cmi.chinamobile.com/en/data-center,https://www.cmi.chinamobile.com/en/data-center
10409,Cogent London CDC,London,GB,365,"20 Mastmaker Road, London",https://www.cogentco.com/en/network/service-locations?continent=Europe&country=United+Kingdom&state=&metro=London&site_type=CDC&action=search,https://www.cogentco.com/en/network/service-locations?continent=Europe&country=United+Kingdom&state=&metro=London&site_type=CDC&action=search
10595,SDC Colchester1,Colchester,GB,29396,"890 The Crescent, Colchester",https://www.sdchostingandsupport.co.uk,https://www.sdchostingandsupport.co.uk
10831,Navisite Woking UK,Woking Surrey,GB,30156,"Unit 21, Goldsworth Park Trading Estate, Kestrel Way, Woking Surrey",https://www.navisite.com/resources/datasheets/data-sheet-woking-data-center,https://www.navisite.com/resources/datasheets/data-sheet-woking-data-center
10832,Navisite Redhill UK,"Redhill, Surrey",GB,30156,"3 Foxboro Business Park, Redhill, Surrey",https://www.navisite.com/resources/datasheets/redhill-data-center,https://www.navisite.com/resources/datasheets/redhill-data-center
11078,HA Hosting DC2,Sheffield,GB,14237,"Holbrook Commerce Park, Sheffield",https://www.hahosting.com,https://www.hahosting.com
11090,HA Hosting DC3,Wolverhampton,GB,14237,"Merryhills Enterprise Park, Wolverhampton",https://www.hahosting.com,https://www.hahosting.com
11296,NTT Hemel Hempstead 4 Data Center (HH4),Hemel Hempstead,GB,491,"1 Blossom Way, Hemel Hempstead",https://datacenter.hello.global.ntt/en/location/london/hemel-hempstead-4-data-center,https://datacenter.hello.global.ntt/en/location/london/hemel-hempstead-4-data-center
11352,MyHostingSpace - Peterborough,Peterborough,GB,30744,"DSM Group, Peterborough",https://myhostingspace.co.uk,https://myhostingspace.co.uk
11551,The Portal Data Centre (Flexiscale DC 1),Nottingham,GB,31240,"Portal Retail & Business Park, Nottingham",https://www.flexiscale.com,https://www.flexiscale.com
11676,EXA Datacenter Bracknell,Bracknell,GB,31498,"St. James House, Bracknell",https://exainfra.net/bracknell-exa-infrastructure-colocation-data-centre/,https://exainfra.net/bracknell-exa-infrastructure-colocation-data-centre/
11678,nLighten London STN1,Hoddesdon,GB,17600,"Geddings Road 7, Hoddesdon",https://www.nlighten.com/en/united-kingdom-data-centers/london/,https://www.nlighten.com/en/united-kingdom-data-centers/london/
11865,AtlasEdge DC Leeds LBA001,Leeds,GB,19800,"Cornelius House, Leeds",https://atlasedge.com/data-centres/leeds/,https://atlasedge.com/data-centres/leeds/
11899,Angel House,Durham,GB,7431,"Angel House, Durham",http://www.itps.co.uk,http://www.itps.co.uk
11969,EXA Datacenter London (Citi),London,GB,31498,"25 Canada Square, London",https://exainfra.net/london-exa-infrastructure-colocation-data-centre/,https://exainfra.net/london-exa-infrastructure-colocation-data-centre/
11970,EXA Datacenter London (GS2 London East),London,GB,31498,"3 Nutmeg Lane, London",https://exainfra.net/london-exa-infrastructure-colocation-data-centre/,https://exainfra.net/london-exa-infrastructure-colocation-data-centre/
11977,EXA Edge DC Peterborough,Peterborough,GB,31498,"Wainman Road, Peterborough",https://exainfra.net/services/colocation,https://exainfra.net/services/colocation
11978,EXA Edge DC Wherstead,Wherstead,GB,31498,"Park Farm, Wherstead",https://exainfra.net/services/colocation,https://exainfra.net/services/colocation
11979,EXA Edge DC Wickford,Wickford,GB,31498,"Moorlands Industrial Estate, Wickford",https://exainfra.net/services/colocation,https://exainfra.net/services/colocation
12045,Telehouse - London (Docklands South),London,GB,7,"1 Blackwall Way, London",http://telehouse.net/data-centre-services/uk/london/telehouse-south/,http://telehouse.net/data-centre-services/uk/london/telehouse-south/
12221,Cloud Innovation Poole Data Center,Poole,GB,32362,"Unit 6, The Concept Center, Poole",https://www.cloud-innovation.co.uk/,https://www.cloud-innovation.co.uk/
12309,Equinix MA5 - Manchester,Swinton,GB,2,"Unit 2 Agecroft Commerce Park, Swinton",https://www.equinix.com/data-centers/europe-colocation/united-kingdom-colocation/manchester-data-centers/ma5,https://www.equinix.com/data-centers/europe-colocation/united-kingdom-colocation/manchester-data-centers/ma5
12371,LCRDC - King Edward,Liverpool,GB,13359,"Liverpool City Region Data Centres, Liverpool",https://lcrdc.co.uk/liverpool-city-king-edward/,https://lcrdc.co.uk/liverpool-city-king-edward/
12372,IX Liverpool - MICT,Liverpool,GB,14113,"34 Norfolk Street, Liverpool",https://mictgold.com/services,https://mictgold.com/services
12506,Servacus DC02,Kettering,GB,27176,"Servacus, Kettering",https://servacus.co.uk/our-data-centre,https://servacus.co.uk/our-data-centre
12820,SDC Hosting and Support Colchester1,Colchester,GB,29396,"890 The Crescent, Colchester",https://www.sdchostingandsupport.co.uk,https://www.sdchostingandsupport.co.uk
12997,Custodian CDC Dartford DA2,Dartford,GB,5783,"CUSTODIAN D C, Dartford",https://www.CustodianDC.com/dartford-london/,https://www.CustodianDC.com/dartford-london/
13025,nLighten Birmingham BHX1,Birmingham,GB,17600,"Westley Street, Birmingham",https://www.nlighten.com/en/united-kingdom-data-centers/birmingham,https://www.nlighten.com/en/united-kingdom-data-centers/birmingham
13073,nLighten Nottingham EMA1,Nottingham,GB,17600,"1 Bennerley Road, Nottingham",https://www.nlighten.com/en/united-kingdom-data-centers/nottingham,https://www.nlighten.com/en/united-kingdom-data-centers/nottingham
13074,nLighten Chester MAN1,Chester,GB,17600,"Dunkirk Trading estate, Chester",https://www.nlighten.com/en/united-kingdom-data-centers/chester,https://www.nlighten.com/en/united-kingdom-data-centers/chester
13075,nLighten Bristol BRS1,Bristol,GB,17600,"1120 Park Avenue, Bristol",https://www.nlighten.com/en/united-kingdom-data-centers/bristol,https://www.nlighten.com/en/united-kingdom-data-centers/bristol
13091,VeloxServ DC3 - Redditch,Redditch,GB,14799,"Prospect House, Redditch",https://www.veloxserv.co.uk,https://www.veloxserv.co.uk
13340,Pulsant Manchester NW-1,Manchester,GB,7980,"1-2 Ball Green, Manchester",https://www.pulsant.com/,https://www.pulsant.com/
13421,Redcentric Harrogate Data Centre,Harrogate,GB,9597,"Beckwith Knowle, Harrogate",https://www.redcentricplc.com/uk-data-centres/harrogate-data-centre/,https://www.redcentricplc.com/uk-data-centres/harrogate-data-centre/
13598,Ark Data Centres - Union Park,Hayes,GB,12974,"Union Park, Hayes",https://arkdatacentres.co.uk/,https://arkdatacentres.co.uk/
13691,"Getronics, The Babbage Centre",Runcorn,GB,35422,"The Heath Business and Technical Park, Runcorn",https://www.getronics.com/,https://www.getronics.com/
13900,Croydon,Croydon,GB,26702,"2 Greenland Way, Croydon",https://www.capitaland.com/en/find-a-property/global-property-listing/data-centres/croydon.html,https://www.capitaland.com/en/find-a-property/global-property-listing/data-centres/croydon.html
14086,VeloxServ Wolverhampton Central,Wolverhampton,GB,14799,"Suite K5, Chubb Building, Wolverhampton",https://www.veloxserv.co.uk/,https://www.veloxserv.co.uk/
14316,nLighten Leeds LBA1,Normanton,GB,17600,"White Rose Technology Centre, Don Pedro Ave, Normanton",https://www.nlighten.com/en/united-kingdom-data-centers/leeds,https://www.nlighten.com/en/united-kingdom-data-centers/leeds
14472,Vinters Connect,Maidstone,GB,9387,"Vinters Business Park, Maidstone",https://vintersconnect.com/colocation/,https://vintersconnect.com/colocation/
14555,AtlasEdge DC Manchester MAN001,Salford,GB,19800,"Unit 400 Metroplex Business Park, Salford",https://atlasedge.com/data-centres/manchester/,https://atlasedge.com/data-centres/manchester/
14752,nLighten Liverpool LPL1,Wirral,GB,17600,"Georgia Avenue, Wirral",https://www.nlighten.com/en/united-kingdom-data-centers/liverpool,https://www.nlighten.com/en/united-kingdom-data-centers/liverpool
14753,nLighten Swindon BRS2,Swindon,GB,17600,"11c Broadmoor Rd, Swindon",https://www.nlighten.com/en/united-kingdom-data-centers/swindon,https://www.nlighten.com/en/united-kingdom-data-centers/swindon
14754,nLighten Rugby BHX2,Rugby,GB,17600,"Unit 2 Pelham Rd, Rugby",https://www.nlighten.com/en/united-kingdom-data-centers/rugby,https://www.nlighten.com/en/united-kingdom-data-centers/rugby
14902,CWCS DCN3,Nottingham,GB,14135,"3 Padge Road, Nottingham",https://www.cwcs.co.uk/latest-news/cwcs-managed-hosting-announces-major-expansion-with-new-uk-data-centre-planned-for-2024/,https://www.cwcs.co.uk/latest-news/cwcs-managed-hosting-announces-major-expansion-with-new-uk-data-centre-planned-for-2024/
15068,London Technology Centre,Hounslow,GB,9597,"London Technology Centre (LTC), Hounslow",http://www.redcentricplc.com,http://www.redcentricplc.com
15069,Elland DC,Elland,GB,9597,"unit J1, Elland",http://www.redcentricplc.com,http://www.redcentricplc.com
15135,Pulsant Edinburgh SC-2 (Medway),Edinburgh,GB,7980,"7 Bankhead, Edinburgh",https://www.pulsant.com/colocation-medway-datacentre,https://www.pulsant.com/colocation-medway-datacentre
15136,Pulsant Newcastle NE-2 (East),Tyne & Wear,GB,7980,"New York Way, Tyne & Wear",https://www.pulsant.com/colocation-newcastle-east-datacentre,https://www.pulsant.com/colocation-newcastle-east-datacentre
15137,Pulsant Rotherham YH-1,Rotherham,GB,7980,"Unit 1, Pioneer Close, Rotherham",https://www.pulsant.com/colocation-rotherham-datacentre,https://www.pulsant.com/colocation-rotherham-datacentre
15202,DataVita DV2 Glasgow,Glasgow,GB,14436,"177 Bothwell Street, Glasgow",https://www.datavita.co.uk,https://www.datavita.co.uk
15214,Ada Infrastructure (Docklands),London,GB,38983,"North Woolrich Rd, London",https://adainfrastructure.com,https://adainfrastructure.com
15328,Grid Hosting Limited,Derby,GB,39229,"Suite No 18-19, Parker House, Derby",https://gridhosting.co.uk/,https://gridhosting.co.uk/
15752,Tarisu Limited,London,GB,40195,"71-75 Shelton Street, Covent Garden, London",https://tarisu.com,https://tarisu.com
15769,Exascale - Wolverhampton (WLV0),Wolverhampton,GB,12680,"Exascale, Wolverhampton",https://www.exascale.co.uk,https://www.exascale.co.uk
15781,Fast2host - Fast4networks Ltd,Cambridge,GB,21369,"The Lakes Business Park, Cambridge",https://www.fast2host.com,https://www.fast2host.com
16182,Blynx AIM Ltd,Cheteham,GB,20525,"Saxon House, Cheteham",https://www.blynxaim.com,https://www.blynxaim.com
16183,Blynx AIM Ltd.,Cheltenham,GB,41273,"Saxon House, Cheltenham",https://www.BlynxAIM.com,https://www.BlynxAIM.com
16360,Lumo Cloud,London,GB,41813,"71-75 Shelton Street, London",https://lumo.cloud/,https://lumo.cloud/
